{
    "timestamp": 1695115930250,
    "tokensLeft": 299,
    "refillIn": 46181,
    "refillRate": 5,
    "tokenFlowReduction": 0.0,
    "tokensConsumed": 1,
    "processingTimeInMs": 3,
    "products": [
        {
            "categories": [
                367146011
            ],
            "imagesCSV": "31Bav-kwl1L.jpg,515CN1R0qJL.jpg,51KGTc3NbdL.jpg,51T17qgA27L.jpg,318zHgCgA3L.jpg,31UMJTe+r1L.jpg,31XpXVXQuPL.jpg",
            "manufacturer": "Gibson Overseas Inc.",
            "title": "Gibson Home Rockaway 12-Piece Dinnerware Set Service for 4, Grey Matte -",
            "lastUpdate": 6687900,
            "lastPriceChange": 6687900,
            "rootCategory": 1055398,
            "productType": 0,
            "parentAsin": "B0C2WWBG6R",
            "variationCSV": "B08DTTLRTN,B08C9MFWR1,B0BNLW7D58,B0899GYHD7,B0BNLX2N7L,B0BNLWNVP6,B075ZX9G4H,B0BNLW5X9J,B075ZXSXH1,B0984XYKR5,B0CJB4XCD2,B0CJB5MY78,B0985HL19N,B091G4K92L,B075ZV2D7B",
            "asin": "B075ZX9G4H",
            "domainId": 1,
            "type": "DISHWARE_PLACE_SETTING",
            "hasReviews": true,
            "trackingSince": 3591160,
            "brand": "Gibson Home",
            "productGroup": "Kitchen",
            "partNumber": "114388.12RM",
            "model": "114388.12RM",
            "color": "Matte Grey",
            "size": "Service for 4 (12pcs)",
            "edition": null,
            "format": null,
            "packageHeight": 330,
            "packageLength": 373,
            "packageWidth": 330,
            "packageWeight": 8981,
            "packageQuantity": 1,
            "isAdultProduct": false,
            "isEligibleForTradeIn": false,
            "isEligibleForSuperSaverShipping": true,
            "offers": null,
            "buyBoxSellerIdHistory": null,
            "isRedirectASIN": false,
            "isSNS": false,
            "author": null,
            "binding": "Kitchen",
            "numberOfItems": 1,
            "numberOfPages": -1,
            "publicationDate": -1,
            "releaseDate": -1,
            "languages": null,
            "lastRatingUpdate": 6687462,
            "ebayListingIds": [
                266396309044,
                26024957887
            ],
            "lastEbayUpdate": 6686730,
            "eanList": [
                "0085081375698",
                "0376075503334",
                "0085081306159"
            ],
            "upcList": [
                "085081306159",
                "376075503334",
                "085081375698"
            ],
            "liveOffersOrder": null,
            "frequentlyBoughtTogether": [
                "B00L8751XK",
                "B06XK6PXX8"
            ],
            "features": [
                "Voted \"Best Overall Dinnerware Set of 2022\" by Better Homes and Gardens",
                "WHAT\u2019S IN THE BOX: Service for 4 that includes 4 of each of the following: 10.5\u201d Dinner Plates, 8\u201d Dessert Plates, 6\u201d (26.5 OZ) Bowls",
                "CARE INSTRUCTIONS: beautiful dishes that are also microwave and dishwasher safe",
                "STONEWARE/MATTE GLAZE: a smooth, flat finish dipped in beautiful solid color creates a sleek and artistic addition to the table. The high firing temperature, thick build, and mix of all-natural clays, makes stoneware an incredibly durable material.",
                "STYLISH DESIGN: a modern simplicity with an off-white edge along the rim brings style into every kitchen. These plates will make a statement. The coupe-shaped edges allow for a stackable and space saving benefit.",
                "FAMILY OWNED: Gibson Homewares is an industry-leading producer of tabletop and housewares products based in Los Angeles, California. Family-owned for over 40 years, we\u2019ve developed a family of brands that include Martha Stewart, Sur La Table, Crock-Pot, Babish, Spice by Tia Mowry, Kenmore, Oster, and more that thrive off relentless commitment to style, innovation, and value for our consumers around the world.",
                "GIBSON HOME: made for everyday living, Gibson Home delivers table and kitchen essentials, with fashion and function, at the best value"
            ],
            "description": "The Gibson Home Rockaway collection gives you a smooth serene matte finish on stoneware with an eggshell edge completing the soft presentation. The coupe shape gives you a generous surface to show off your culinary masterpieces. Service for 4 with a modern cool look. Includes: 4 - 10.5 Inch Dinner Plates 4 - 8 Inch Dessert Plates 4 - 6 Inch Bowls",
            "promotions": null,
            "newPriceIsMAP": false,
            "coupon": null,
            "availabilityAmazon": 0,
            "listedSince": 3545280,
            "fbaFees": {
                "pickAndPackFee": 1771
            },
            "variations": [
                {
                    "asin": "B08DTTLRTN",
                    "attributes": [
                        {
                            "dimension": "Size",
                            "value": "Service for 4 (12pcs)"
                        },
                        {
                            "dimension": "Color",
                            "value": "Black"
                        }
                    ]
                },
                {
                    "asin": "B08C9MFWR1",
                    "attributes": [
                        {
                            "dimension": "Size",
                            "value": "Service for 4 (12pcs)"
                        },
                        {
                            "dimension": "Color",
                            "value": "Blue"
                        }
                    ]
                },
                {
                    "asin": "B0BNLW7D58",
                    "attributes": [
                        {
                            "dimension": "Size",
                            "value": "Service for 4 (Melamine)"
                        },
                        {
                            "dimension": "Color",
                            "value": "Matte Blue"
                        }
                    ]
                },
                {
                    "asin": "B0899GYHD7",
                    "attributes": [
                        {
                            "dimension": "Size",
                            "value": "Service for 4 (12pcs)"
                        },
                        {
                            "dimension": "Color",
                            "value": "Cream"
                        }
                    ]
                },
                {
                    "asin": "B0BNLX2N7L",
                    "attributes": [
                        {
                            "dimension": "Size",
                            "value": "Service for 4 (Melamine)"
                        },
                        {
                            "dimension": "Color",
                            "value": "Matte Green"
                        }
                    ]
                },
                {
                    "asin": "B0BNLWNVP6",
                    "attributes": [
                        {
                            "dimension": "Size",
                            "value": "Service for 4 (Melamine)"
                        },
                        {
                            "dimension": "Color",
                            "value": "Matte Red"
                        }
                    ]
                },
                {
                    "asin": "B075ZX9G4H",
                    "attributes": [
                        {
                            "dimension": "Size",
                            "value": "Service for 4 (12pcs)"
                        },
                        {
                            "dimension": "Color",
                            "value": "Matte Grey"
                        }
                    ]
                },
                {
                    "asin": "B0BNLW5X9J",
                    "attributes": [
                        {
                            "dimension": "Size",
                            "value": "Service for 4 (Melamine)"
                        },
                        {
                            "dimension": "Color",
                            "value": "Matte Teal"
                        }
                    ]
                },
                {
                    "asin": "B075ZXSXH1",
                    "attributes": [
                        {
                            "dimension": "Size",
                            "value": "Service for 4 (12pcs)"
                        },
                        {
                            "dimension": "Color",
                            "value": "Matte Red"
                        }
                    ]
                },
                {
                    "asin": "B0984XYKR5",
                    "attributes": [
                        {
                            "dimension": "Size",
                            "value": "Service for 4 (12pcs)"
                        },
                        {
                            "dimension": "Color",
                            "value": "Pink"
                        }
                    ]
                },
                {
                    "asin": "B0CJB4XCD2",
                    "attributes": [
                        {
                            "dimension": "Size",
                            "value": "Service for 4 (16pcs)"
                        },
                        {
                            "dimension": "Color",
                            "value": "Serenade Matte White"
                        }
                    ]
                },
                {
                    "asin": "B0CJB5MY78",
                    "attributes": [
                        {
                            "dimension": "Size",
                            "value": "Service for 4 (16pcs)"
                        },
                        {
                            "dimension": "Color",
                            "value": "Serenade Matte Green"
                        }
                    ]
                },
                {
                    "asin": "B0985HL19N",
                    "attributes": [
                        {
                            "dimension": "Size",
                            "value": "Service for 4 (12pcs)"
                        },
                        {
                            "dimension": "Color",
                            "value": "Yellow"
                        }
                    ]
                },
                {
                    "asin": "B091G4K92L",
                    "attributes": [
                        {
                            "dimension": "Size",
                            "value": "Service for 4 (12pcs)"
                        },
                        {
                            "dimension": "Color",
                            "value": "White"
                        }
                    ]
                },
                {
                    "asin": "B075ZV2D7B",
                    "attributes": [
                        {
                            "dimension": "Size",
                            "value": "Service for 4 (12pcs)"
                        },
                        {
                            "dimension": "Color",
                            "value": "Teal"
                        }
                    ]
                }
            ],
            "itemHeight": 222,
            "itemLength": 381,
            "itemWidth": 286,
            "itemWeight": 8391,
            "salesRankReference": 284507,
            "salesRankReferenceHistory": [
                4860600,
                284507,
                5543296,
                -1,
                5543580,
                284507,
                6550142,
                -1,
                6551188,
                284507
            ],
            "launchpad": false,
            "isB2B": false,
            "lastSoldUpdate": 6687462,
            "monthlySold": 2000,
            "monthlySoldHistory": [
                6631884,
                3000,
                6637948,
                2000,
                6638112,
                3000,
                6638116,
                2000,
                6639326,
                3000,
                6675428,
                2000
            ],
            "stats": null,
            "offersSuccessful": false,
            "g": 26574,
            "categoryTree": [
                {
                    "catId": 1055398,
                    "name": "Home & Kitchen"
                },
                {
                    "catId": 284507,
                    "name": "Kitchen & Dining"
                },
                {
                    "catId": 13162311,
                    "name": "Dining & Entertaining"
                },
                {
                    "catId": 367165011,
                    "name": "Dinnerware & Serveware"
                },
                {
                    "catId": 17913622011,
                    "name": "Dinnerware"
                },
                {
                    "catId": 367146011,
                    "name": "Dinnerware Sets"
                }
            ],
            "referralFeePercent": 15
        }
    ]
}